<?xml version="1.0" encoding="UTF-8"?>
<project-private xmlns="http://www.netbeans.org/ns/project-private/1">
    <editor-bookmarks xmlns="http://www.netbeans.org/ns/editor-bookmarks/2" lastBookmarkId="0"/>
    <open-files xmlns="http://www.netbeans.org/ns/projectui-open-files/2">
        <group>
            <file>file:/C:/Users/Agustin/Documents/GitHub/EdExt/Laboratorio%201/Implementacion/EdExt/src/Presentacion/ConsultaUsuario.java</file>
            <file>file:/C:/Users/Agustin/Documents/GitHub/EdExt/Laboratorio%201/Implementacion/EdExt/src/Presentacion/infoEdicion.java</file>
            <file>file:/C:/Users/Agustin/Documents/GitHub/EdExt/Laboratorio%201/Implementacion/EdExt/src/Presentacion/ConsultaEdicion.java</file>
            <file>file:/C:/Users/Agustin/Documents/GitHub/EdExt/Laboratorio%201/Implementacion/EdExt/src/Presentacion/ConsultaCurso.java</file>
            <file>file:/C:/Users/Agustin/Documents/GitHub/EdExt/Laboratorio%201/Implementacion/EdExt/src/Presentacion/Principal.java</file>
            <file>file:/C:/Users/Agustin/Documents/GitHub/EdExt/Laboratorio%201/Implementacion/EdExt/src/Presentacion/infoPrograma.java</file>
            <file>file:/C:/Users/Agustin/Documents/GitHub/EdExt/Laboratorio%201/Implementacion/EdExt/src/Presentacion/infoCurso.java</file>
        </group>
    </open-files>
</project-private>
